name,family,subfamily,page,prod,rec_proc,rec_saved,rec_total,waste,rho,E,props_approx,unit_conversion
Cast iron,Ferrous metals,Iron,24,173,76.0,-173.0,-97.0,26.0,7100,170,1,
Stainless steel 18/8 (primary),Ferrous metals,Stainless steel,25,551,76.0,-551.0,-475.0,26.0,7900,195,1,
"Stainless steel 18/8 (secondary, electric)",Ferrous metals,Stainless steel,25,511,,,,26.0,7900,195,1,
"Steel, low-alloyed (converter)",Ferrous metals,Steel,26,231,76,-231,-155,26.0,7850,210,1,
"Steel, un-alloyed (converter)",Ferrous metals,Steel,26,165,,,,26.0,7850,210,1,
"Steel, low-alloyed (secondary, average)",Ferrous metals,Steel,26,195,,,,26.0,7850,210,1,
"Steel, un-/low-alloyed (electric furnace)",Ferrous metals,Steel,26,61,,,,26.0,7850,210,1,
Ferrochromium,Ferrous metals,Ferro-alloys,27,379,76.0,-379.0,-303.0,26.0,,,0,
Ferronickel,Ferrous metals,Ferro-alloys,28,1105,76.0,-1105.0,-1029.0,26.0,,,0,
"Aluminium, primary",Non-ferrous metals,Aluminium,30,1045,130.0,-1045.0,-915.0,26.0,2700,70,1,
Aluminium alloy AlMg3,Non-ferrous metals,Aluminium,30,439,,,,26.0,2660,70,1,
"Aluminium, secondary (old scrap)",Non-ferrous metals,Aluminium,30,134,,,,26.0,2700,70,1,
"Aluminium, secondary (new scrap)",Non-ferrous metals,Aluminium,30,45,,,,26.0,2700,70,1,
Bronze,Non-ferrous metals,Copper alloys,31,938,76.0,-938.0,-862.0,26.0,8800,110,1,
Copper,Non-ferrous metals,Copper alloys,32,774,76.0,-774.0,-698.0,26.0,8900,120,1,
Brass,Non-ferrous metals,Copper alloys,33,683,76.0,-683.0,-607.0,26.0,8500,100,1,
Brazing solder (Cd-free),Non-ferrous metals,Solders,33,646,,,,26.0,,,0,
Soft solder,Non-ferrous metals,Solders,34,3347,76.0,-3347.0,-3271.0,26.0,,,0,
Lead (primary),Non-ferrous metals,Other metals,35,135,,,,,11340,14,1,
Magnesium,Non-ferrous metals,Other metals,35,3768,,,,,1740,45,1,
Nickel,Non-ferrous metals,Other metals,35,2653,,,,,8900,200,1,
Titanium zinc plate,Non-ferrous metals,Other metals,35,551,,,,,7140,105,1,
"Zinc (for coating, primary)",Non-ferrous metals,Other metals,35,390,,,,,7140,105,1,
Titanium dioxide,Non-ferrous metals,Other metals,35,466,,,,,,,0,
Mercury,Precious & critical metals,Precious & critical,35,1163775,,,,,,,0,
Palladium (primary),Precious & critical metals,Precious & critical,35,7119111,,,,,12000,120,1,
Palladium (secondary),Precious & critical metals,Precious & critical,35,63054,,,,,12000,120,1,
Platinum (primary),Precious & critical metals,Precious & critical,35,4661326,,,,,21450,168,1,
Platinum (secondary),Precious & critical metals,Precious & critical,35,63042,,,,,21450,168,1,
Rhodium (primary),Precious & critical metals,Precious & critical,35,9558421,,,,,12400,380,1,
Rhodium (secondary),Precious & critical metals,Precious & critical,35,63545,,,,,12400,380,1,
ABS,Thermoplastics,ABS,37,431,25.0,-431.0,-406.0,45.0,1050,2.3,1,
EVA,Thermoplastics,EVA,38,355,,,,36.0,940,,1,
EVA foil,Thermoplastics,EVA,38,345,,,,36.0,940,,1,
PA 6,Thermoplastics,PA,39,756,25.0,-756.0,-731.0,38.0,1140,2.8,1,
PA 6.6,Thermoplastics,PA,39,715,,,,38.0,1140,2.9,1,
"PA 6, glass-filled",Thermoplastics,PA,39,624,,,,38.0,1350,6.0,1,
"PA 6.6, glass-filled",Thermoplastics,PA,39,612,,,,38.0,1380,6.5,1,
PC,Thermoplastics,PC,40,672,25.0,-672.0,-647.0,33.0,1200,2.4,1,
LDPE,Thermoplastics,PE,41,285,25.0,-285.0,-260.0,39.0,920,0.25,1,
HDPE,Thermoplastics,PE,41,277,,,,39.0,950,0.9,1,
LLDPE,Thermoplastics,PE,41,272,,,,39.0,920,0.4,1,
PET,Thermoplastics,PET,42,327,25.0,-327.0,-302.0,38.0,1380,2.8,1,
PET (bottle grade),Thermoplastics,PET,42,347,,,,38.0,1380,2.8,1,
PMMA (beads),Thermoplastics,PMMA,43,676,25.0,-676.0,-651.0,36.0,1180,3.0,1,
PMMA (cast sheet),Thermoplastics,PMMA,43,768,,,,36.0,1180,3.0,1,
PP,Thermoplastics,PP,44,276,25.0,-276.0,-251.0,36.0,900,1.4,1,
PS (GPPS),Thermoplastics,PS,45,388,25.0,-388.0,-363.0,40.0,1050,3.1,1,
PS (expandable),Thermoplastics,PS,45,384,,,,40.0,,,0,
PS (HIPS),Thermoplastics,PS,45,389,,,,40.0,1040,2.2,1,
PUR rigid foam,Composites & thermosets,PUR,46,459,,,,36.0,40,0.03,1,
PUR flexible foam,Composites & thermosets,PUR,46,484,,,,36.0,30,0.001,1,
PVC,Thermoplastics,PVC,47,220,25.0,-220.0,-195.0,34.0,1400,3.0,1,
PVDC,Thermoplastics,PVC,47,451,,,,34.0,1700,,1,
SAN,Thermoplastics,SAN,48,403,25.0,-403.0,-378.0,40.0,1080,3.5,1,
PTFE (Teflon),Thermoplastics,PTFE,54,16089,,,,49.0,2170,0.5,1,
PTFE on glass,Thermoplastics,PTFE,54,16929,,,,49.0,2170,,1,
"Agglomerate, industrial plastics mix",Recycled plastics,Recycled plastics,49,62,,,,,,,0,
"Agglomerate, household plastics mix",Recycled plastics,Recycled plastics,49,93,,,,,,,0,
"Ground product, industrial plastics mix",Recycled plastics,Recycled plastics,49,64,,,,,,,0,
"Ground product, household plastics mix",Recycled plastics,Recycled plastics,49,95,,,,,,,0,
"Regranulate, industrial plastics mix",Recycled plastics,Recycled plastics,49,70,,,,,,,0,
"Regranulate, household plastics mix",Recycled plastics,Recycled plastics,49,87,,,,,,,0,
Modified starch,Bio-based plastics,Bioplastics,51,275,,,,,1300,1.0,1,
PLA,Bio-based plastics,Bioplastics,51,312,,,,,1250,3.5,1,
"GFRP, polyester resin",Composites & thermosets,Composites,52,455,,,,39.0,1800,20,1,
GF-reinforced PP,Composites & thermosets,Composites,52,359,,,,39.0,1500,7,1,
Kevlar-reinforced epoxy,Composites & thermosets,Composites,52,1249,,,,39.0,1350,30,1,
CF-reinforced PP,Composites & thermosets,Composites,52,620,,,,39.0,1400,25,1,
"CFRP, epoxy",Composites & thermosets,Composites,52,883,,,,39.0,1550,70,1,
Flax-reinforced PP,Composites & thermosets,Composites,52,383,,,,39.0,1100,4,1,
Epoxy resin (liquid),Composites & thermosets,Resins & fibres,52,734,,,,39.0,1150,3.0,1,
"Polyester resin, unsaturated",Composites & thermosets,Resins & fibres,52,644,,,,39.0,1200,3.5,1,
Glass fibre,Composites & thermosets,Resins & fibres,52,264,,,,39.0,2600,72,1,
Carbon fibre,Composites & thermosets,Resins & fibres,52,833,,,,39.0,1800,230,1,
Polyester fibres,Composites & thermosets,Resins & fibres,52,660,,,,39.0,,,0,
Flax fibres,Composites & thermosets,Resins & fibres,52,350,,,,39.0,1450,50,1,
EPDM (vulcanised),Elastomers,Rubber,53,355,,,,50.0,860,0.005,1,
Latex,Elastomers,Rubber,53,230,,,,50.0,920,0.002,1,
Natural rubber,Elastomers,Rubber,53,599,,,,50.0,920,0.002,1,
Polybutadiene rubber,Elastomers,Rubber,53,444,,,,50.0,910,0.002,1,
SBR,Elastomers,Rubber,53,453,,,,50.0,940,0.003,1,
Silicones,Elastomers,Rubber,53,274,,,,50.0,1250,0.005,1,
"Azobe, sawn timber (planed, air dried)",Wood & panels,Hardwood,56,558,,,,19.0,1060,17,1,
"Hardwood, raw, air/kiln dried",Wood & panels,Hardwood,56,236,,,,19.0,700,12,1,
"Hardwood, planed, air/kiln dried",Wood & panels,Hardwood,56,271,,,,19.0,700,12,1,
"Hardwood, raw, kiln dried (10%)",Wood & panels,Hardwood,56,239,,,,19.0,700,12,1,
Cork slab,Wood & panels,Cork,56,257,,,,19.0,170,0.02,1,
"Softwood, raw, air dried (20%)",Wood & panels,Softwood,56,149,,,,19.0,500,10,1,
"Softwood, planed, air dried",Wood & panels,Softwood,56,173,,,,19.0,500,10,1,
"Softwood, raw, kiln dried (10%)",Wood & panels,Softwood,56,154,,,,19.0,500,10,1,
"Softwood, planed, kiln dried",Wood & panels,Softwood,56,179,,,,19.0,500,10,1,
Laminated board (3-layer),Wood & panels,Wood panels,57,351.6,,,,19.0,500,8,1,175806 mPt/m3 / 500 kg/m3
Glued laminated timber (GLT),Wood & panels,Wood panels,57,223.6,,,,19.0,470,11,1,105085 mPt/m3 / 470 kg/m3
Plywood (indoor),Wood & panels,Wood panels,57,499.4,,,,19.0,600,9,1,299627 mPt/m3 / 600 kg/m3
Plywood (outdoor),Wood & panels,Wood panels,57,523.8,,,,19.0,600,9,1,314255 mPt/m3 / 600 kg/m3
MDF,Wood & panels,Wood panels,58,85.1,,,,20.0,750,3.5,1,63809 mPt/m3 / 750 kg/m3
OSB,Wood & panels,Wood panels,58,62.5,,,,20.0,650,4.5,1,40633 mPt/m3 / 650 kg/m3
Particle board,Wood & panels,Wood panels,58,58.6,,,,20.0,650,3.0,1,38079 mPt/m3 / 650 kg/m3
Fibreboard (soft),Wood & panels,Wood panels,58,92.5,,,,20.0,250,0.5,1,23129 mPt/m3 / 250 kg/m3
"Paper, recycled (deinked)",Paper & board,Paper,60,262,176.0,,,9.0,800,3.0,1,
"Paper, recycled (no deinking)",Paper & board,Paper,60,76,,,,9.0,800,3.0,1,
"Paper, woodfree coated",Paper & board,Paper,60,258,,,,9.0,800,3.0,1,
"Paper, woodfree uncoated",Paper & board,Paper,60,309,,,,9.0,800,3.0,1,
"Paper, LWC",Paper & board,Paper,60,261,,,,9.0,800,3.0,1,
"Paper, SC",Paper & board,Paper,60,258,,,,9.0,800,3.0,1,
"Newsprint, new fibre",Paper & board,Newsprint,61,207,176.0,,,19.0,700,2.5,1,
"Newsprint, DIP",Paper & board,Newsprint,61,164,,,,19.0,700,2.5,1,
"Newsprint, EU average",Paper & board,Newsprint,61,174,,,,19.0,700,2.5,1,
"Cardboard, mixed fibre (single wall)",Paper & board,Cardboard,62,147,95.0,,,20.0,,,0,
"Cardboard, recycled fibre (single wall)",Paper & board,Cardboard,62,95,,,,20.0,,,0,
"Cardboard, recycled fibre (double wall)",Paper & board,Cardboard,62,125,,,,20.0,,,0,
"Cardboard, fresh fibre (single wall)",Paper & board,Cardboard,62,261,,,,20.0,,,0,
Liquid packaging board,Paper & board,Cardboard,64,347,,,,17.0,,,0,
"Packaging glass, brown",Glass & ceramics,Glass,63,97,58.0,,,,2500,70,1,
"Packaging glass, green",Glass & ceramics,Glass,63,95,,,,,2500,70,1,
"Packaging glass, white",Glass & ceramics,Glass,63,91,,,,,2500,70,1,
"Concrete, exacting",Minerals & cement,Concrete & cement,75,8.43,,,,,2440,30,1,20575 mPt/m3 / 2440 kg/m3
"Concrete, poor",Minerals & cement,Concrete & cement,75,3.92,,,,,2190,30,1,8585 mPt/m3 / 2190 kg/m3
"Concrete, normal",Minerals & cement,Concrete & cement,75,7.04,,,,,2380,30,1,16759 mPt/m3 / 2380 kg/m3
"Concrete, foundation",Minerals & cement,Concrete & cement,75,4.67,,,,,2380,30,1,11110 mPt/m3 / 2380 kg/m3
Autoclaved aerated concrete,Minerals & cement,Concrete & cement,75,28,,,,,600,2.0,1,
Cement (Portland),Minerals & cement,Concrete & cement,75,49,,,,,,,0,
Blast-furnace slag cement,Minerals & cement,Concrete & cement,75,27,,,,,,,0,
Fibre-cement roof slate,Minerals & cement,Concrete & cement,75,61,,,,,1700,15,1,
Gypsum,Minerals & cement,Plaster & lime,76,2.7,,,,,,,0,
Gypsum plasterboard,Minerals & cement,Plaster & lime,76,35,,,,,800,2.5,1,
Gypsum fibreboard,Minerals & cement,Plaster & lime,76,28,,,,,1150,4,1,
"Lime, hydrated",Minerals & cement,Plaster & lime,76,48,,,,,,,0,
"Quicklime, milled",Minerals & cement,Plaster & lime,76,62,,,,,,,0,
Stucco,Minerals & cement,Plaster & lime,76,10,,,,,,,0,
Brick,Glass & ceramics,Brick & ceramic,77,18,,,,,1800,15,1,
Ceramic tiles,Glass & ceramics,Brick & ceramic,77,124,,,,,2300,60,1,
Roof tile,Glass & ceramics,Brick & ceramic,77,27,,,,,2000,20,1,
Light clay brick,Glass & ceramics,Brick & ceramic,77,17,,,,,900,5,1,
Basalt,Minerals & cement,Minerals,78,44,,,,,2900,70,1,
Bentonite,Minerals & cement,Minerals,78,13,,,,,,,0,
Refractory,Minerals & cement,Minerals,78,195,,,,,2400,60,1,
Gravel (round),Minerals & cement,Minerals,78,0.6,,,,,,,0,
Limestone,Minerals & cement,Minerals,78,3.5,,,,,2600,50,1,
Sand-lime brick,Minerals & cement,Minerals,78,10,,,,,1800,15,1,
Clay,Minerals & cement,Minerals,78,0.3,,,,,,,0,
Perlite,Minerals & cement,Minerals,78,1.6,,,,,,,0,
Silica sand,Minerals & cement,Minerals,78,2.2,,,,,,,0,
Feldspar,Minerals & cement,Minerals,78,3.6,,,,,,,0,
Vermiculite,Minerals & cement,Minerals,78,0.77,,,,,,,0,
Sand,Minerals & cement,Minerals,78,0.6,,,,,,,0,
Cellulose fibre insulation,Insulation,Mineral/organic,79,50,,,,36.0,50,0.01,1,
Glass wool mat,Insulation,Mineral/organic,79,158,,,,36.0,30,0.01,1,
Rock wool,Insulation,Mineral/organic,79,169,,,,36.0,60,0.02,1,
Elastomer tube insulation,Insulation,Plastic,79,530,,,,36.0,60,0.001,1,
Polystyrene foam slab,Insulation,Plastic,79,460,,,,36.0,30,0.008,1,
Urea-formaldehyde foam slab,Insulation,Plastic,79,337,,,,36.0,15,0.002,1,
"Flat glass, coated",Glass & ceramics,Glass,80,82,58.0,-82.0,-24.0,,2500,70,1,
"Flat glass, uncoated",Glass & ceramics,Glass,80,70,,,,,2500,70,1,
Acrylic varnish,Chemicals & glues,Paint & ink,84,205,,,,22.0,,,0,
Alkyd paint (water-based),Chemicals & glues,Paint & ink,84,309,,,,22.0,,,0,
Alkyd paint (solvent-based),Chemicals & glues,Paint & ink,84,393,,,,22.0,,,0,
Offset printing ink,Chemicals & glues,Paint & ink,84,498,,,,22.0,,,0,
Rotogravure printing ink,Chemicals & glues,Paint & ink,84,381,,,,22.0,,,0,
Ammonia,Chemicals & glues,Inorganic,85,218,,,,22.0,,,0,
Bentonite (chemical),Chemicals & glues,Inorganic,85,69,,,,22.0,,,0,
"Chemicals, inorganic (average)",Chemicals & glues,Inorganic,85,170,,,,22.0,,,0,
Chlorine,Chemicals & glues,Inorganic,85,99,,,,22.0,,,0,
Phosphoric acid (industrial),Chemicals & glues,Inorganic,85,220,,,,22.0,,,0,
Phosphoric acid (fertiliser),Chemicals & glues,Inorganic,85,167,,,,22.0,,,0,
Iron sulphate,Chemicals & glues,Inorganic,85,18,,,,22.0,,,0,
Sodium chloride,Chemicals & glues,Inorganic,85,19,,,,22.0,,,0,
"Sodium perborate, monohydrate",Chemicals & glues,Inorganic,85,355,,,,22.0,,,0,
"Sodium perborate, tetrahydrate",Chemicals & glues,Inorganic,85,159,,,,22.0,,,0,
Nitric acid,Chemicals & glues,Inorganic,85,197,,,,22.0,,,0,
Water glass (silicate),Chemicals & glues,Inorganic,85,102,,,,22.0,,,0,
Hydrochloric acid,Chemicals & glues,Inorganic,85,41,,,,22.0,,,0,
"Nitrogen, liquid",Chemicals & glues,Inorganic,85,37,,,,22.0,,,0,
Decarbonised water,Chemicals & glues,Inorganic,85,0.001,,,,22.0,,,0,
Tap water,Chemicals & glues,Inorganic,85,0.03,,,,22.0,,,0,
"Hydrogen, liquid",Chemicals & glues,Inorganic,85,253,,,,22.0,,,0,
Zeolite,Chemicals & glues,Inorganic,85,425,,,,22.0,,,0,
"Oxygen, liquid",Chemicals & glues,Inorganic,85,35,,,,22.0,,,0,
Sulphuric acid,Chemicals & glues,Inorganic,85,27,,,,22.0,,,0,
"Chemicals, organic (average)",Chemicals & glues,Organic,86,249,,,,22.0,,,0,
Diesel,Chemicals & glues,Organic,86,174,,,,22.0,,,0,
Ethylene oxide,Chemicals & glues,Organic,86,245,,,,22.0,,,0,
Ethylene glycol,Chemicals & glues,Organic,86,203,,,,22.0,,,0,
Petrol,Chemicals & glues,Organic,86,190,,,,22.0,,,0,
Heavy fuel oil,Chemicals & glues,Organic,86,166,,,,22.0,,,0,
Propylene glycol,Chemicals & glues,Organic,86,446,,,,22.0,,,0,
Urea,Chemicals & glues,Organic,86,350,,,,22.0,,,0,
Soap,Chemicals & glues,Organic,86,5306,,,,22.0,,,0,
Wood glue,Chemicals & glues,Glues,87,280,,,,22.0,,,0,
PVC glue,Chemicals & glues,Glues,87,159,,,,22.0,,,0,
EVA hot-melt glue,Chemicals & glues,Glues,87,320,,,,22.0,,,0,
Flooring glue,Chemicals & glues,Glues,87,94,,,,22.0,,,0,
